data,label
"https://www.google.com",0
"https://www.microsoft.com",0
"https://www.wikipedia.org",0
"https://www.python.org",0
"https://www.github.com",0
"https://www.amazon.com",0
"https://www.apple.com",0
"https://www.youtube.com",0
"https://www.linkedin.com",0
"https://www.stackoverflow.com",0
"https://www.adobe.com",0
"https://www.nytimes.com",0
"https://www.bbc.com",0
"https://www.cnet.com",0
"https://www.reddit.com",0
"https://www.coursera.org",0
"https://www.mit.edu",0
"https://www.stanford.edu",0
"https://www.ieee.org",0
"https://www.reuters.com",0
"https://www.paypal.com",0
"https://www.stripe.com",0
"https://www.bankofamerica.com",0
"https://www.chase.com",0
"https://www.hdfcbank.com",0
"https://www.icicibank.com",0
"https://www.sbi.co.in",0
"upi://pay?pa=merchant@icici&pn=Official Store&mc=5411&mode=02&purpose=00",0
"upi://pay?pa=shopkeeper@okaxis&pn=Local Grocery&mc=5311&tr=123456789&am=250.00&cu=INR",0
"upi://pay?pa=supermarket@ybl&pn=Supermarket Retail&mc=5411",0
"upi://pay?pa=canteen@upi&pn=College Canteen&mc=5812",0
"upi://pay?pa=bookstore@sbi&pn=PCE Campus Books",0
"Contact: support@company.com Phone: +18005550199",0
"Welcome to Priyadarshini College of Engineering Library Access Code: PCE2026",0
"WiFi:S:PCE_Campus_Guest;T:WPA;P:PCEGuestPass2026;;",0
"http://192.168.1.100/login/verify/account",1
"http://10.0.0.1/bank/update-password.exe",1
"http://192.168.0.150/urgent/secure/account-claim.php",1
"http://example-login-verify.com/account/update",1
"http://secure-account-verify.com/login/password",1
"http://free-prize-winner.com/claim",1
"http://urgent-bank-verification.com/login",1
"http://paypal-security-update-center.xyz/signin",1
"http://chase-bank-alert-verify.top/login.php",1
"http://appleid-support-recover-account.info/verify",1
"http://amazon-gift-card-claim.click/free-winner",1
"http://bit.ly/3xX9aQZ_fake_bank_login",1
"http://tinyurl.com/secure-banking-verification-pass",1
"http://account-update-required-immediately.net/bank/login",1
"http://login-google-drive-share-access.gq/auth",1
"http://bankofamerica-alert-security-dept.com/update",1
"http://verification-online-banking-portal.tk/confirm",1
"http://free-crypto-giveaway-winner.site/claim-now",1
"http://hdfc-netbanking-kyc-update.website/login",1
"http://icici-refund-claim-portal.online/verify",1
"http://sbi-yono-kyc-suspension-alert.com/reactivate",1
"upi://pay?pa=scammer99@paytm&pn=Free Gift Winner&am=5000",1
"upi://pay?pa=lottery-claim@upi&pn=Urgent Prize Reward",1
"upi://pay?pa=fake-support@okicici&pn=Bank Refund Department",1
"http://download-free-security-scanner.com/setup.exe",1
"http://install-android-security-update.net/update.apk",1
"http://update-browser-flash-player.org/installer.vbs",1
"http://claim-your-reward-points-now.com/login/verify",1
"http://netflix-billing-issue-confirm.com/payment",1
"http://whatsapp-gold-edition-download.xyz/get",1
"http://instagram-blue-tick-verification.top/apply",1