data,label
https://www.adobe.com/products,0
https://www.makemytrip.com/user/profile,0
http://159.41.214.169/reward-axisbank.php,1
http://account-amazon-bank.xyz/bank.html,1
https://www.microsoft.com/products,0
http://134.161.133.53/prize-icici.php,1
https://www.linkedin.com/account/settings,0
http://icici-rewardupdate.click/download.bat,1
https://www.ola.com/search?q=results,0
https://www.nytimes.com/docs/api-reference,0
https://www.apple.com/contact,0
https://www.cleartrip.com/search?q=results,0
http://cutt.ly/F6PyREr,1
https://www.geeksforgeeks.org/store/item/12345,0
https://www.zerodha.com/blog/latest-post,0
https://www.geeksforgeeks.org/careers,0
https://www.youtube.com/user/profile,0
https://www.coinbase.com/docs/api-reference,0
upi://pay?pa=fake805&tn=payment,1
https://www.incometax.gov.in/contact,0
https://www.myntra.com/contact,0
http://goo.gl/Q5zpzuJ,1
https://www.swiggy.com/account/settings,0
upi://pay?pn=account%20refund&am=999&cu=INR,1
https://www.hindustantimes.com/store/item/12345,0
https://www.flipkart.com/products,0
http://68.202.67.172/alert-amazon.php,1
https://www.amazon.in/search?q=results,0
https://www.cnn.com/store/item/12345,0
https://www.irctc.co.in/docs/api-reference,0
https://www.makemytrip.com/user/profile,0
http://update-paytm-bank.click/password.html,1
https://www.ugc.ac.in/products,0
https://www.reddit.com/blog/latest-post,0
https://www.python.org/account/settings,0
https://www.flipkart.com/user/profile,0
https://www.incometax.gov.in/account/settings,0
https://www.rbi.org.in/docs/api-reference,0
https://www.incometax.gov.in,0
http://microsoft-kycupdate.xyz/download.scr,1
http://reward.amazon.secure.site.login-portal.com/reward,1
https://www.microsoft.com/home,0
https://www.icicibank.com/login,0
upi://pay?pa=fake709&tn=winner,1
http://axisbank-reward.site/winner.html,1
https://www.irctc.co.in/store/item/12345,0
http://13.244.80.15/kyc-hdfc.php,1
https://www.incometax.gov.in/docs/api-reference,0
https://www.apple.com,0
https://www.bbc.com,0
upi://pay?pn=refund%20refund&am=999&cu=INR,1
https://www.paytm.com/store/item/12345,0
http://goo.gl/c7kd7bb,1
http://free.sbi.secure.online.login-portal.com/free,1
https://www.github.com/products,0
http://update-google-alert.gq/reward.html,1
https://www.rbi.org.in/docs/api-reference,0
http://sbi-update.click/account.html,1
https://www.reddit.com/careers,0
https://www.nasa.gov/store/item/12345,0
http://tiny.cc/uasN27w,1
Reactivate account security alert immediate action,1
https://www.geeksforgeeks.org/home,0
https://www.wikipedia.org/blog/latest-post,0
http://icici-refundupdate.xyz/download.zip,1
https://www.python.org/user/profile,0
https://www.airindia.in/store/item/12345,0
https://www.nptel.ac.in/news/article-2026,0
upi://pay?pa=rajelectronics37@okicici&pn=raj%20electronics&am=250&cu=INR,0
upi://pay?pa=anitabakery79@okicici&pn=anita%20bakery&am=250&cu=INR,0
http://confirm.hdfc.secure.tk.login-portal.com/confirm,1
upi://pay?pa=rameshkumar80@okicici&pn=ramesh%20kumar&am=250&cu=INR,0
upi://pay?pa=fake579&tn=update,1
https://www.cnn.com/careers,0
http://ow.ly/NuNRnda,1
https://www.netflix.com/products,0
http://249.47.121.43/signin-microsoft.php,1
https://www.makemytrip.com/account/settings,0
http://verify-sbi-prize.cf/secure.html,1
https://www.incometax.gov.in/login,0
http://rebrand.ly/f8GRKwM,1
http://87.10.117.151/bank-sbi.php,1
https://www.w3schools.com/about,0
https://www.bbc.com/login,0
https://www.timesofindia.com/blog/latest-post,0
https://www.reddit.com/help/faq,0
https://www.stackoverflow.com/about,0
https://www.hindustantimes.com/docs/api-reference,0
https://www.digilocker.gov.in/help/faq,0
https://www.wikipedia.org/login,0
http://winner.axisbank.secure.top.login-portal.com/winner,1
https://www.zomato.com/contact,0
https://www.nptel.ac.in/blog/latest-post,0
http://axisbank-freeupdate.click/download.zip,1
http://update-icici-refund.top/reactivate.html,1
http://flipkart-prizeupdate.xyz/download.vbs,1
https://www.hdfcbank.com/login,0
http://ow.ly/4dhuhkv,1
https://www.linkedin.com/search?q=results,0
https://www.flipkart.com/search?q=results,0
https://www.cleartrip.com/store/item/12345,0
https://www.stackoverflow.com/user/profile,0
https://www.phonepe.com/search?q=results,0
https://www.nptel.ac.in/search?q=results,0
https://www.google.com/contact,0
http://109.210.239.222/verify-hdfc.php,1
https://www.python.org,0
http://google-lotteryupdate.xyz/download.zip,1
https://www.icicibank.com/account/settings,0
https://www.airindia.in,0
upi://pay?pa=collegefestcommittee64@okicici&pn=college%20fest%20committee&am=250&cu=INR,0
upi://pay?pn=reward%20refund&am=999&cu=INR,1
https://www.cleartrip.com/contact,0
https://www.timesofindia.com/home,0
http://cutt.ly/NBGpdpp,1
https://www.ndtv.com/about,0
http://secure.sbi.secure.click.login-portal.com/secure,1
http://verify-microsoft-bank.online/confirm.html,1
http://update-sbi-winner.gq/winner.html,1
https://www.un.org/search?q=results,0
http://tiny.cc/KGeP2Ef,1
https://www.youtube.com/help/faq,0
upi://pay?pa=collegecanteen43@okicici&pn=college%20canteen&mc=1234&tn=Payment&am=100&cu=INR,0
https://www.geeksforgeeks.org/help/faq,0
https://www.w3schools.com/docs/api-reference,0
http://account-sbi-urgent.work/reward.html,1
http://icici-freeupdate.xyz/download.exe,1
https://www.un.org/careers,0
http://flipkart-paymentupdate.xyz/download.zip,1
https://www.netflix.com/login,0
https://www.wikipedia.org/account/settings,0
https://www.ndtv.com/news/article-2026,0
https://www.spotify.com/store/item/12345,0
http://irctc-refundupdate.click/download.apk,1
https://www.flipkart.com/account/settings,0
http://tinyurl.com/D6D5u7j,1
https://www.google.com/blog/latest-post,0
https://www.digilocker.gov.in/blog/latest-post,0
https://www.makemytrip.com/home,0
https://www.zomato.com/blog/latest-post,0
http://16.206.173.205/update-icici.php,1
https://www.paytm.com/user/profile,0
https://www.bbc.com,0
https://www.python.org/home,0
upi://pay?am=5000&cu=INR&tn=reactivatebonus,1
https://www.amazon.in/blog/latest-post,0
https://www.adobe.com/store/item/12345,0
http://axisbank-reactivateupdate.xyz/download.scr,1
https://www.mozilla.org,0
https://www.who.int/about,0
https://www.sbi.co.in/blog/latest-post,0
upi://pay?am=5000&cu=INR&tn=prizebonus,1
https://www.rbi.org.in/products,0
http://secure-hdfc-alert.tk/signin.html,1
http://218.95.35.153/account-icici.php,1
https://www.uidai.gov.in/user/profile,0
https://www.geeksforgeeks.org/search?q=results,0
Wifi Password: guest2026,0
https://www.nytimes.com/contact,0
https://www.stackoverflow.com/home,0
https://www.apple.com/docs/api-reference,0
https://www.coinbase.com/contact,0
https://www.ndtv.com/about,0
https://www.flipkart.com/news/article-2026,0
https://www.spotify.com/help/faq,0
https://www.swiggy.com/help/faq,0
https://www.microsoft.com/blog/latest-post,0
https://www.nptel.ac.in/products,0
upi://pay?pa=rajelectronics37@okicici&pn=raj%20electronics&mc=1234&tn=Payment&am=100&cu=INR,0
upi://pay?pa=fake612&tn=free,1
http://irctc-passwordupdate.top/download.zip,1
https://www.indigo.com/docs/api-reference,0
https://www.github.com,0
https://www.bookmyshow.com/account/settings,0
Warranty Card - Serial 88213,0
upi://pay?pa=collegefestcommittee64@okicici&pn=college%20fest%20committee&mc=1234&tn=Payment&am=100&cu=INR,0
http://98.1.199.68/payment-amazon.php,1
upi://pay?pn=password%20refund&am=999&cu=INR,1
upi://pay?am=5000&cu=INR&tn=winnerbonus,1
Congratulations winner claim your free prize now,1
https://www.hdfcbank.com/docs/api-reference,0
upi://pay?pn=bank%20refund&am=999&cu=INR,1
https://www.paytm.com/login,0
https://www.spotify.com/account/settings,0
https://www.cleartrip.com/search?q=results,0
http://verify-flipkart-account.cf/bank.html,1
http://t.co/jahgJDk,1
https://www.bbc.com/news/article-2026,0
https://www.myntra.com/search?q=results,0
https://www.wikipedia.org/careers,0
https://www.zerodha.com,0
https://www.indigo.com/help/faq,0
upi://pay?pn=update%20refund&am=999&cu=INR,1
Table number 12,0
https://www.youtube.com/store/item/12345,0
https://www.reddit.com/contact,0
upi://pay?pa=collegecanteen43@okicici&pn=college%20canteen&am=250&cu=INR,0
https://www.microsoft.com/products,0
https://www.wikipedia.org/help/faq,0
https://www.indigo.com/account/settings,0
https://www.gmail.com/login,0
Contact: Prof. Sharma Dept CS,0
https://www.spotify.com/contact,0
https://www.swiggy.com/careers,0
http://50.97.229.36/signin-paytm.php,1
http://update-microsoft-payment.work/confirm.html,1
upi://pay?pa=fake217&tn=signin,1
https://www.ugc.ac.in/login,0
https://www.netflix.com/login,0
Conference Room A - Booking,0
http://49.48.49.169/signin-flipkart.php,1
Event: Honors Project Exhibition,0
http://19.30.117.18/verify-flipkart.php,1
http://145.51.37.138/confirm-irctc.php,1
https://www.stackoverflow.com/help/faq,0
http://urgent.icici.secure.click.login-portal.com/urgent,1
http://68.59.54.191/lottery-paytm.php,1
http://update-axisbank-reactivate.ml/alert.html,1
https://www.adobe.com/store/item/12345,0
https://www.nptel.ac.in/about,0
http://95.145.80.113/lottery-amazon.php,1
https://www.sbi.co.in/docs/api-reference,0
http://update-amazon-kyc.cf/winner.html,1
upi://pay?pa=sureshtraders87@okicici&pn=suresh%20traders&mc=1234&tn=Payment&am=100&cu=INR,0
upi://pay?pa=anitabakery79@okicici&pn=anita%20bakery&mc=1234&tn=Payment&am=100&cu=INR,0
http://124.109.205.232/verify-paytm.php,1
http://alert.paytm.secure.online.login-portal.com/alert,1
https://www.google.com,0
http://flipkart-refundupdate.top/download.apk,1
https://www.un.org/docs/api-reference,0
Your account password confirm login urgent required,1
https://www.linkedin.com/careers,0
https://www.bookmyshow.com/account/settings,0
https://www.aicte-india.org/help/faq,0
http://icici-updateupdate.click/download.vbs,1
https://www.irctc.co.in/docs/api-reference,0
http://account-icici-signin.cf/claim.html,1
upi://pay?pa=vikrammobiles98@okicici&pn=vikram%20mobiles&mc=1234&tn=Payment&am=100&cu=INR,0
https://www.rbi.org.in,0
https://www.phonepe.com/blog/latest-post,0
http://70.144.107.184/prize-icici.php,1
https://www.myntra.com/blog/latest-post,0
http://login.hdfc.secure.ga.login-portal.com/login,1
http://109.249.79.49/winner-icici.php,1
https://www.myntra.com/search?q=results,0
upi://pay?pn=free%20refund&am=999&cu=INR,1
https://www.sbi.co.in/login,0
https://www.sbi.co.in/account/settings,0
Library Card No: LC00234,0
https://www.wikipedia.org/home,0
http://account-sbi-urgent.cf/confirm.html,1
http://paytm-payment.site/lottery.html,1
https://www.stackoverflow.com/help/faq,0
upi://pay?pa=sureshtraders87@okicici&pn=suresh%20traders&am=250&cu=INR,0
http://bit.ly/ew3inrx,1
http://account-flipkart-login.tk/update.html,1
https://www.nasa.gov/contact,0
https://www.zerodha.com/help/faq,0
https://www.makemytrip.com/account/settings,0
https://www.zomato.com/about,0
https://www.amazon.in/help/faq,0
https://www.ola.com/about,0
https://www.github.com/user/profile,0
http://buff.ly/L269B5E,1
https://www.zomato.com/products,0
https://www.adobe.com/home,0
https://www.who.int/login,0
upi://pay?pa=nehastationers35@okicici&pn=neha%20stationers&mc=1234&tn=Payment&am=100&cu=INR,0
https://www.icicibank.com/home,0
https://www.nasa.gov/help/faq,0
upi://pay?am=5000&cu=INR&tn=rewardbonus,1
https://www.aicte-india.org/contact,0
http://cutt.ly/NiFMfR8,1
https://www.ugc.ac.in/search?q=results,0
http://account-sbi-password.site/prize.html,1
upi://pay?am=5000&cu=INR&tn=passwordbonus,1
https://www.nytimes.com/products,0
http://72.236.127.224/account-microsoft.php,1
https://www.zerodha.com/help/faq,0
Product Batch No: BN2026A,0
http://account.microsoft.secure.ga.login-portal.com/account,1
https://www.sbi.co.in/about,0
https://www.wikipedia.org/contact,0
https://www.airindia.in/home,0
https://www.uidai.gov.in/home,0
http://reward.amazon.secure.ga.login-portal.com/reward,1
https://www.irctc.co.in,0
https://www.gmail.com/home,0
http://payment.google.secure.online.login-portal.com/payment,1
https://www.youtube.com/careers,0
http://t.co/i7Acm2x,1
http://104.61.126.149/reactivate-sbi.php,1
Visitor Pass ID: 44521,0
upi://pay?pn=account%20refund&am=999&cu=INR,1
https://www.who.int/products,0
https://www.icicibank.com/home,0
https://www.ola.com/home,0
https://www.hindustantimes.com/home,0
https://www.phonepe.com/home,0
http://login.amazon.secure.work.login-portal.com/login,1
http://prize.microsoft.secure.click.login-portal.com/prize,1
https://www.gmail.com/products,0
https://www.coinbase.com/docs/api-reference,0
https://www.coinbase.com/careers,0
https://www.cnn.com/login,0
https://www.bookmyshow.com/user/profile,0
https://www.github.com/search?q=results,0
http://account.hdfc.secure.site.login-portal.com/account,1
https://www.aicte-india.org/blog/latest-post,0
http://flipkart-alert.site/kyc.html,1
upi://pay?pa=vikrammobiles98@okicici&pn=vikram%20mobiles&am=250&cu=INR,0
http://ow.ly/Cvjw5EK,1
http://sbi-confirmupdate.top/download.scr,1
http://reactivate.google.secure.ga.login-portal.com/reactivate,1
http://update.icici.secure.work.login-portal.com/update,1
https://www.zerodha.com/home,0
upi://pay?pa=priyasharma31@okicici&pn=priya%20sharma&am=250&cu=INR,0
http://axisbank-free.top/verify.html,1
upi://pay?am=5000&cu=INR&tn=alertbonus,1
https://www.indigo.com/about,0
http://secure-irctc-confirm.site/urgent.html,1
upi://pay?pa=rameshkumar80@okicici&pn=ramesh%20kumar&mc=1234&tn=Payment&am=100&cu=INR,0
https://www.who.int/docs/api-reference,0
https://www.gmail.com/user/profile,0
https://www.timesofindia.com/careers,0
http://113.231.61.64/bank-hdfc.php,1
upi://pay?pn=refund%20refund&am=999&cu=INR,1
https://www.zomato.com/about,0
https://www.digilocker.gov.in/news/article-2026,0
https://www.google.com/home,0
http://tiny.cc/PswtAs2,1
https://www.hindustantimes.com/search?q=results,0
https://www.airindia.in/about,0
http://secure-flipkart-reactivate.cf/prize.html,1
https://www.digilocker.gov.in/login,0
https://www.irctc.co.in/contact,0
https://www.linkedin.com/contact,0
http://account-flipkart-claim.work/winner.html,1
http://207.50.25.167/lottery-sbi.php,1
https://www.netflix.com/login,0
https://www.coinbase.com/search?q=results,0
https://www.youtube.com/store/item/12345,0
http://rebrand.ly/vhK434P,1
https://www.un.org/search?q=results,0
https://www.ugc.ac.in/store/item/12345,0
https://www.cnn.com/careers,0
https://www.nytimes.com/products,0
https://www.w3schools.com/search?q=results,0
https://www.uidai.gov.in/careers,0
https://www.ndtv.com/docs/api-reference,0
https://www.swiggy.com/news/article-2026,0
http://google-loginupdate.xyz/download.vbs,1
https://www.gmail.com/blog/latest-post,0
http://verify-google-secure.tk/verify.html,1
https://www.phonepe.com,0
http://lottery.sbi.secure.tk.login-portal.com/lottery,1
https://www.paytm.com/contact,0
https://www.aicte-india.org/account/settings,0
https://www.hdfcbank.com/products,0
https://www.mozilla.org/blog/latest-post,0
http://rebrand.ly/J9E74FL,1
https://www.microsoft.com/about,0
upi://pay?pa=amitstore77@okicici&pn=amit%20store&am=250&cu=INR,0
https://www.myntra.com/user/profile,0
https://www.apple.com/help/faq,0
http://goo.gl/w5xh3xN,1
https://www.ugc.ac.in/help/faq,0
http://248.29.31.192/prize-sbi.php,1
http://157.4.153.239/update-paytm.php,1
https://www.wikipedia.org/home,0
https://www.phonepe.com/news/article-2026,0
https://www.nytimes.com,0
http://secure-icici-confirm.xyz/secure.html,1
https://www.nasa.gov/user/profile,0
http://refund.amazon.secure.online.login-portal.com/refund,1
https://www.linkedin.com/home,0
http://free.paytm.secure.xyz.login-portal.com/free,1
https://www.uidai.gov.in/products,0
https://www.reddit.com/help/faq,0
https://www.amazon.in/products,0
URGENT verify your KYC now or account blocked,1
http://68.67.178.226/account-icici.php,1
https://www.hindustantimes.com/news/article-2026,0
http://118.161.37.3/payment-axisbank.php,1
https://www.cleartrip.com/news/article-2026,0
upi://pay?pn=account%20refund&am=999&cu=INR,1
https://www.netflix.com/about,0
https://www.amazon.in/blog/latest-post,0
https://www.w3schools.com/contact,0
https://www.bbc.com/user/profile,0
upi://pay?pa=priyasharma31@okicici&pn=priya%20sharma&mc=1234&tn=Payment&am=100&cu=INR,0
http://secure-amazon-password.site/update.html,1
https://www.google.com/help/faq,0
https://www.ndtv.com/help/faq,0
https://www.mozilla.org/news/article-2026,0
http://amazon-bankupdate.top/download.vbs,1
https://www.paytm.com/docs/api-reference,0
https://www.ola.com/products,0
https://www.rbi.org.in/store/item/12345,0
https://www.bookmyshow.com/careers,0
https://www.hdfcbank.com/contact,0
https://www.un.org/careers,0
https://www.python.org,0
upi://pay?pa=amitstore77@okicici&pn=amit%20store&mc=1234&tn=Payment&am=100&cu=INR,0
http://microsoft-loginupdate.top/download.bat,1
https://www.mozilla.org/about,0
http://verify-google-prize.top/free.html,1
https://www.swiggy.com/careers,0
https://www.timesofindia.com/home,0
http://paytm-account.work/winner.html,1
https://www.w3schools.com/blog/latest-post,0
https://www.ola.com/news/article-2026,0
https://www.apple.com/products,0
https://www.icicibank.com/home,0
http://google-urgent.site/prize.html,1
https://www.bookmyshow.com/login,0
https://www.airindia.in/docs/api-reference,0
https://www.mozilla.org/careers,0
https://www.indigo.com/help/faq,0
upi://pay?pa=fake906&tn=free,1
Click to claim lottery reward payment refund,1
https://www.timesofindia.com/user/profile,0
http://bank.axisbank.secure.work.login-portal.com/bank,1
http://secure-amazon-kyc.tk/refund.html,1
https://www.nasa.gov/search?q=results,0
http://19.121.142.172/refund-icici.php,1
https://www.spotify.com/news/article-2026,0
https://www.digilocker.gov.in/products,0
https://www.who.int/about,0
http://hdfc-urgent.site/lottery.html,1
Welcome to our college fest 2026,0
https://www.cnn.com/home,0
https://www.adobe.com/home,0
http://icici-signinupdate.xyz/download.zip,1
http://amazon-claimupdate.click/download.apk,1
https://www.github.com/products,0
http://183.159.204.172/alert-flipkart.php,1
https://www.uidai.gov.in/careers,0
upi://pay?pa=fake724&tn=verify,1
http://account-irctc-update.ga/claim.html,1
http://icici-rewardupdate.xyz/download.vbs,1
https://www.wikipedia.org/help/faq,0
http://139.67.242.63/refund-google.php,1
upi://pay?pa=nehastationers35@okicici&pn=neha%20stationers&am=250&cu=INR,0
upi://pay?am=5000&cu=INR&tn=winnerbonus,1
upi://pay?pa=fake395&tn=bank,1
http://amazon-verify.xyz/signin.html,1
https://www.aicte-india.org/careers,0
https://www.hdfcbank.com/about,0
https://www.wikipedia.org/search?q=results,0
